<?xml version="1.0" encoding="UTF-8"?>
<tns:root xmlns:tns="http://www.sig.com/Shared/Schemas/Common/LogLevelSwitch.xsd" 
xmlns:xsi="http://www.w3.org/2001/XMLSchema-instance" 
xsi:schemaLocation="http://www.sig.com/Shared/Schemas/Common/LogLevelSwitch.xsd LogLevelSwitch.xsd ">
  <tns:Interface>
    <tns:Operation_Name>GetAddress</tns:Operation_Name>
    <tns:ServiceLogLevel>2</tns:ServiceLogLevel>
    <tns:Switch>true</tns:Switch>
  </tns:Interface>
    <tns:Interface>
    <tns:Operation_Name>GetAccountDetails</tns:Operation_Name>
    <tns:ServiceLogLevel>2</tns:ServiceLogLevel>
    <tns:Switch>true</tns:Switch>
  </tns:Interface>
    <tns:Interface>
    <tns:Operation_Name>GetCustomerPrice</tns:Operation_Name>
    <tns:ServiceLogLevel>2</tns:ServiceLogLevel>
    <tns:Switch>true</tns:Switch>
  </tns:Interface>
    <tns:Interface>
    <tns:Operation_Name>PlaceOrder</tns:Operation_Name>
    <tns:ServiceLogLevel>2</tns:ServiceLogLevel>
    <tns:Switch>true</tns:Switch>
  </tns:Interface>
    <tns:Interface>
    <tns:Operation_Name>GetBranch</tns:Operation_Name>
    <tns:ServiceLogLevel>2</tns:ServiceLogLevel>
    <tns:Switch>true</tns:Switch>
  </tns:Interface>
    <tns:Interface>
    <tns:Operation_Name>GetLocalStock</tns:Operation_Name>
    <tns:ServiceLogLevel>2</tns:ServiceLogLevel>
    <tns:Switch>true</tns:Switch>
  </tns:Interface>
    <tns:Interface>
    <tns:Operation_Name>GetOrderDetails</tns:Operation_Name>
    <tns:ServiceLogLevel>2</tns:ServiceLogLevel>
    <tns:Switch>true</tns:Switch>
  </tns:Interface>
    <tns:Interface>
    <tns:Operation_Name>GetOrderHistory</tns:Operation_Name>
    <tns:ServiceLogLevel>2</tns:ServiceLogLevel>
    <tns:Switch>true</tns:Switch>
  </tns:Interface>
  <tns:Interface>
    <tns:Operation_Name>GetProofOfDelivery</tns:Operation_Name>
    <tns:ServiceLogLevel>2</tns:ServiceLogLevel>
    <tns:Switch>true</tns:Switch>
  </tns:Interface>
    <tns:Interface>
    <tns:Operation_Name>GetInvoice</tns:Operation_Name>
    <tns:ServiceLogLevel>2</tns:ServiceLogLevel>
    <tns:Switch>true</tns:Switch>
  </tns:Interface>
</tns:root>