{
  "apiVersion" : "4.0",
  "swaggerVersion" : "1.2",
  "basePath" : "http://localhost:7777/com.sig.hybris.backends",
  "apis" : [ {
    "path" : "/GetLocalStock",
    "description" : "Summary about the new REST service."
  }, {
    "path" : "/GetOrderDetails",
    "description" : "Summary about the new REST service."
  }, {
    "path" : "/GetOrderHistory",
    "description" : "Summary about the new REST service."
  }, {
    "path" : "/GetCustomerPrice",
    "description" : "Summary about the new REST service."
  } ],
  "authorizations" : { }
}