<?xml version="1.0" encoding="UTF-8"?>
<root>
<contributor name="org.openarchitectureware.help.userguide"/>
<contributor name="org.eclipse.pde"/>
<contributor name="org.eclipse.pde.ui"/>
<contributor name="org.eclipse.platform"/>
<contributor name="org.eclipse.m2e.core.ui"/>
<contributor name="com.tibco.xpd.branding"/>
<contributor name="org.eclipse.ui.intro"/>
<contributor name="org.eclipse.jdt"/>
<contributor name="org.eclipse.ui.intro.universal"/>
<contributor name="com.tibco.bw.branding.bwe.design"/>
</root>