<?xml version="1.0" encoding="UTF-8"?>
<feature
      id="org.eclipse.m2e.feature"
      label="%featureName"
      version="1.6.2.20151013-0836"
      provider-name="%providerName"
      plugin="org.eclipse.m2e.core">
   <install-handler/>

   <description>
      %description
   </description>

   <copyright>
      %copyright
   </copyright>

   <license url="%licenseURL">
      %license
   </license>

   <requires>
      <import plugin="org.eclipse.emf.ecore"/>
      <import plugin="org.eclipse.emf.ecore.xmi"/>
      <import plugin="org.eclipse.emf.edit"/>
      <import plugin="org.eclipse.emf.ecore.edit"/>
      <import plugin="org.eclipse.wst.common.emf"/>
      <import plugin="org.eclipse.wst.sse.core"/>
      <import plugin="org.eclipse.wst.xml.core"/>
      <import plugin="org.eclipse.jem.util"/>
      <import feature="org.eclipse.platform" version="3.6.0" match="greaterOrEqual"/>
      <import feature="org.eclipse.rcp" version="3.6.0" match="greaterOrEqual"/>
      <import feature="org.eclipse.jdt" version="3.6.0" match="greaterOrEqual"/>
   </requires>

   <plugin
         id="org.eclipse.m2e.archetype.common"
         download-size="1918"
         install-size="2165"
         version="1.6.2.20151013-0835"/>

   <plugin
         id="org.eclipse.m2e.maven.indexer"
         download-size="1095"
         install-size="1287"
         version="1.6.2.20151013-0835"/>

   <plugin
         id="org.eclipse.m2e.model.edit"
         download-size="375"
         install-size="1296"
         version="1.6.2.20151013-0836"
         unpack="false"/>

   <plugin
         id="org.eclipse.m2e.core"
         download-size="562"
         install-size="1304"
         version="1.6.2.20151013-0836"
         unpack="false"/>

   <plugin
         id="org.eclipse.m2e.launching"
         download-size="90"
         install-size="185"
         version="1.6.2.20151013-0836"
         unpack="false"/>

   <plugin
         id="org.eclipse.m2e.workspace.cli"
         download-size="15"
         install-size="22"
         version="0.3.1"
         unpack="false"/>

   <plugin
         id="org.eclipse.m2e.jdt"
         download-size="106"
         install-size="236"
         version="1.6.2.20151013-0836"
         unpack="false"/>

   <plugin
         id="org.eclipse.m2e.editor"
         download-size="278"
         install-size="537"
         version="1.6.2.20151013-0836"
         unpack="false"/>

   <plugin
         id="org.eclipse.m2e.editor.xml"
         download-size="246"
         install-size="528"
         version="1.6.2.20151013-0836"
         unpack="false"/>

   <plugin
         id="org.eclipse.m2e.maven.runtime"
         download-size="5850"
         install-size="6588"
         version="1.6.2.20151013-0835"/>

   <plugin
         id="org.eclipse.m2e.maven.runtime.slf4j.simple"
         download-size="35"
         install-size="42"
         version="1.6.2.20151013-0835"/>

   <plugin
         id="org.eclipse.m2e.refactoring"
         download-size="67"
         install-size="138"
         version="1.6.2.20151013-0836"
         unpack="false"/>

   <plugin
         id="org.eclipse.m2e.lifecyclemapping.defaults"
         download-size="4"
         install-size="9"
         version="1.6.2.20151013-0836"/>

   <plugin
         id="org.eclipse.m2e.discovery"
         download-size="69"
         install-size="150"
         version="1.6.2.20151013-0836"
         unpack="false"/>

   <plugin
         id="org.eclipse.m2e.core.ui"
         download-size="710"
         install-size="1441"
         version="1.6.2.20151013-0836"
         unpack="false"/>

   <plugin
         id="org.eclipse.m2e.scm"
         download-size="60"
         install-size="122"
         version="1.6.2.20151013-0836"
         unpack="false"/>

   <plugin
         id="org.eclipse.m2e.jdt.ui"
         download-size="22"
         install-size="48"
         version="1.6.2.20151013-0836"
         unpack="false"/>

   <plugin
         id="org.eclipse.m2e.profiles.core"
         download-size="14"
         install-size="26"
         version="1.6.2.20151013-0836"
         unpack="false"/>

   <plugin
         id="org.eclipse.m2e.profiles.ui"
         download-size="36"
         install-size="79"
         version="1.6.2.20151013-0836"
         unpack="false"/>

</feature>
